{"discord": 89589.232239, "steam": 24631.041812, "spotify": 89588.142415, "firefox": 89594.319169}