{"spotify": 1754327992.291977, "firefox": 1754327997.418223, "discord": 1754328006.65761}